Timestamp,Data,Gaze.X,Gaze.Y,Fixation.X,Fixation.Y
65437790,X:0;Y:0; MouseEvent:WM_MOUSEWHEEL; ScrollDelta:0;,,,893.0,467.0
65439853,,904.0,457.0,893.0,467.0
65456374,,896.0,455.0,893.0,467.0
65473364,,901.0,470.0,893.0,467.0
65489714,,905.0,467.0,893.0,467.0
65506289,,900.0,460.0,893.0,467.0
65523279,,893.0,465.0,893.0,467.0
65539584,,895.0,467.0,893.0,467.0
65556205,,893.0,463.0,893.0,467.0
65573199,,886.0,461.0,893.0,467.0
65589550,,888.0,460.0,893.0,467.0
65606217,,887.0,463.0,893.0,467.0
65623119,,886.0,471.0,893.0,467.0
65639420,,886.0,478.0,893.0,467.0
65656037,,894.0,478.0,893.0,467.0
65673035,,882.0,478.0,893.0,467.0
65689289,,884.0,479.0,893.0,467.0
65705952,,891.0,475.0,893.0,467.0
65722955,,892.0,461.0,893.0,467.0
65739255,,884.0,424.0,,
65755964,,827.0,286.0,,
65772875,,689.0,221.0,,
65789124,,586.0,60.0,,
65805879,,541.0,13.0,,
65822805,,565.0,87.0,532.0,8.0
65839090,,532.0,7.0,532.0,8.0
65855795,,521.0,-5.0,532.0,8.0
65872725,,559.0,74.0,532.0,8.0
65888960,,531.0,9.0,532.0,8.0
65905711,,532.0,9.0,532.0,8.0
65922645,,552.0,74.0,532.0,8.0
65938926,,523.0,3.0,532.0,8.0
65955626,,500.0,4.0,,
65972570,,377.0,-42.0,,
65988796,,265.0,-58.0,,
66005541,,196.0,-32.0,,
66022494,,190.0,-71.0,227.0,-9.0
66038665,,192.0,-68.0,227.0,-9.0
66055457,,198.0,-59.0,227.0,-9.0
66072415,,198.0,-55.0,227.0,-9.0
66088632,,201.0,-56.0,227.0,-9.0
66105373,,199.0,-54.0,227.0,-9.0
66122335,,204.0,-38.0,227.0,-9.0
66138598,,207.0,-33.0,227.0,-9.0
66155289,,212.0,-30.0,227.0,-9.0
66172251,,222.0,-20.0,227.0,-9.0
66188467,,228.0,-10.0,227.0,-9.0
66205204,,237.0,6.0,227.0,-9.0
66222166,,239.0,13.0,227.0,-9.0
66238433,,244.0,21.0,227.0,-9.0
66255119,,250.0,28.0,227.0,-9.0
66272076,,256.0,35.0,227.0,-9.0
66288302,,261.0,38.0,227.0,-9.0
66305034,,264.0,44.0,227.0,-9.0
66321988,,265.0,49.0,227.0,-9.0
66338268,,274.0,66.0,227.0,-9.0
66354950,,365.0,129.0,,
66371893,,526.0,218.0,,
66388138,,644.0,278.0,,
66404866,,755.0,323.0,,
66421800,,782.0,329.0,,
66438104,,775.0,327.0,769.0,282.0
66454781,,775.0,322.0,769.0,282.0
66471707,,785.0,333.0,769.0,282.0
66488071,,786.0,334.0,769.0,282.0
66504697,,770.0,316.0,769.0,282.0
66521623,,778.0,314.0,769.0,282.0
66537941,,779.0,306.0,769.0,282.0
66554709,,767.0,304.0,769.0,282.0
66571543,,767.0,300.0,769.0,282.0
66587907,,764.0,298.0,769.0,282.0
66604528,,767.0,294.0,769.0,282.0
66621458,,766.0,285.0,769.0,282.0
66637776,,765.0,285.0,769.0,282.0
66654540,,769.0,285.0,769.0,282.0
66671378,,765.0,285.0,769.0,282.0
66687645,,765.0,284.0,769.0,282.0
66704456,,761.0,275.0,769.0,282.0
66721293,,764.0,274.0,769.0,282.0
66737611,,761.0,272.0,769.0,282.0
66754371,,769.0,266.0,769.0,282.0
66771218,,767.0,258.0,769.0,282.0
66787577,,767.0,250.0,769.0,282.0
66804189,,757.0,248.0,769.0,282.0
66821138,,769.0,247.0,769.0,282.0
66837446,,769.0,247.0,769.0,282.0
66854201,,767.0,244.0,769.0,282.0
66871063,,762.0,244.0,769.0,282.0
66887413,,762.0,245.0,769.0,282.0
66904118,,765.0,246.0,769.0,282.0
66920984,,851.0,241.0,,
66937283,,979.0,223.0,,
66954034,,1183.0,206.0,,
66970908,,1282.0,204.0,,
66987249,,1292.0,208.0,1299.0,216.0
67003949,,1289.0,213.0,1299.0,216.0
67020824,,1288.0,210.0,1299.0,216.0
67037119,,1293.0,209.0,1299.0,216.0
67053864,,1298.0,211.0,1299.0,216.0
67070748,,1303.0,214.0,1299.0,216.0
67087085,,1304.0,212.0,1299.0,216.0
67103779,,1298.0,215.0,1299.0,216.0
67110376,,,,1299.0,216.0
67120672,,1323.0,175.0,1299.0,216.0
67126239,,,,1299.0,216.0
67136954,,1299.0,215.0,1299.0,216.0
67142321,,,,1299.0,216.0
67153695,,1299.0,219.0,1299.0,216.0
67158226,,,,1299.0,216.0
67170592,,1305.0,217.0,1299.0,216.0
67172266,,,,1299.0,216.0
67186823,,1306.0,215.0,1299.0,216.0
67188319,,,,1299.0,216.0
67203611,,1301.0,223.0,1299.0,216.0
67204229,,,,1299.0,216.0
67220212,,,,1299.0,216.0
67220512,,1305.0,231.0,1299.0,216.0
67236223,,,,1299.0,216.0
67236789,,1307.0,246.0,1299.0,216.0
67252423,,,,,
67253526,,1287.0,365.0,,
67268358,,,,,
67270428,,1250.0,490.0,,
67282324,,,,,
67286658,,1237.0,512.0,,
67298249,,,,,
67303442,,1225.0,530.0,,
67314218,,,,1231.0,526.0
67320345,,1218.0,545.0,1231.0,526.0
67336625,,1218.0,544.0,1231.0,526.0
67353357,,1216.0,515.0,1231.0,526.0
67354231,,,,1231.0,526.0
67370239,,,,1231.0,526.0
67370265,,1238.0,517.0,1231.0,526.0
67384336,,,,1231.0,526.0
67386591,,1238.0,514.0,1231.0,526.0
67400268,,,,1231.0,526.0
67403273,,1229.0,526.0,1231.0,526.0
67416265,,,,1231.0,526.0
67420185,,1235.0,509.0,1231.0,526.0
67432240,,,,1231.0,526.0
67436461,,1236.0,511.0,1231.0,526.0
67448280,,,,1231.0,526.0
67453189,,1242.0,518.0,1231.0,526.0
67464248,,,,1231.0,526.0
67470105,,1229.0,535.0,1231.0,526.0
67480258,,,,1231.0,526.0
67486427,,1228.0,531.0,1231.0,526.0
67494247,,,,1231.0,526.0
67503104,,1231.0,530.0,1231.0,526.0
67512207,,,,1231.0,526.0
67520020,,1235.0,529.0,1231.0,526.0
67526234,,,,1231.0,526.0
67536297,,1238.0,529.0,1231.0,526.0
67542339,,,,1231.0,526.0
67553019,,1227.0,535.0,1231.0,526.0
67558242,,,,1231.0,526.0
67569940,,1224.0,539.0,1231.0,526.0
67574274,,,,1231.0,526.0
67586263,,1226.0,534.0,1231.0,526.0
67588274,,,,1231.0,526.0
67602934,,1227.0,533.0,1231.0,526.0
67604256,,,,1231.0,526.0
67614309,,,,1231.0,526.0
67619860,,1235.0,522.0,1231.0,526.0
67630369,,,,1231.0,526.0
67636132,,1237.0,523.0,1231.0,526.0
67644250,,,,1231.0,526.0
67652850,,1235.0,523.0,1231.0,526.0
67660261,,,,1231.0,526.0
67669780,,1235.0,524.0,1231.0,526.0
67676325,,,,1231.0,526.0
67686098,,1232.0,523.0,1231.0,526.0
67690238,,,,1231.0,526.0
67702766,,1232.0,522.0,1231.0,526.0
67706268,,,,1231.0,526.0
67719701,,1234.0,525.0,1231.0,526.0
67722263,,,,1231.0,526.0
67735968,,1234.0,527.0,1231.0,526.0
67738250,,,,1231.0,526.0
67752682,,1231.0,519.0,1231.0,526.0
67754218,,,,1231.0,526.0
67769621,,1231.0,522.0,1231.0,526.0
67770248,,,,1231.0,526.0
67785934,,1232.0,526.0,1231.0,526.0
67800289,,,,1231.0,526.0
67802597,,1229.0,524.0,1231.0,526.0
67816331,,,,1231.0,526.0
67819541,,1229.0,527.0,1231.0,526.0
67832413,,,,1231.0,526.0
67835803,,1232.0,526.0,1231.0,526.0
67850254,,,,1231.0,526.0
67852512,,1235.0,521.0,1231.0,526.0
67864341,,,,1231.0,526.0
67869461,,1244.0,533.0,1231.0,526.0
67880244,,,,1231.0,526.0
67885673,,1237.0,536.0,1231.0,526.0
67896220,,,,,
67902428,,1225.0,583.0,,
67910217,,,,,
67919381,,,,,
67922249,,,,,
67934325,,,,,
67935639,,,,,
67950375,,,,,
67952440,,2048.0,1406.0,,
67966239,,,,,
67969301,,1235.0,653.0,,
67982326,,,,,
67985605,,1079.0,538.0,,
67998298,,,,,
68002452,,1059.0,530.0,,
68014255,,,,1058.0,546.0
68019226,,1058.0,539.0,1058.0,546.0
68028239,,,,1058.0,546.0
68035475,,1059.0,534.0,1058.0,546.0
68044350,,,,1058.0,546.0
68052272,,1057.0,546.0,1058.0,546.0
68060304,,,,1058.0,546.0
68069151,,1054.0,549.0,1058.0,546.0
68076269,,,,1058.0,546.0
68085345,,1050.0,545.0,1058.0,546.0
68092246,,,,1058.0,546.0
68102090,,1061.0,536.0,1058.0,546.0
68108272,,,,1058.0,546.0
68119071,,1057.0,531.0,1058.0,546.0
68122237,,,,1058.0,546.0
68135312,,1053.0,531.0,1058.0,546.0
68138273,,,,1058.0,546.0
68152007,,1056.0,564.0,1058.0,546.0
68154253,,,,1058.0,546.0
68168992,,1056.0,556.0,1058.0,546.0
68170316,,,,1058.0,546.0
68185278,,1056.0,558.0,1058.0,546.0
68186352,,,,1058.0,546.0
68194318,,,,1058.0,546.0
68201923,,1057.0,566.0,1058.0,546.0
68218912,,1053.0,549.0,1058.0,546.0
68235147,,1052.0,546.0,1058.0,546.0
68251935,,1053.0,544.0,1058.0,546.0
68268836,,1056.0,543.0,1058.0,546.0
68285113,,1055.0,540.0,1058.0,546.0
68301850,,1054.0,550.0,1058.0,546.0
68304315,,,,1058.0,546.0
68318756,,1056.0,561.0,1058.0,546.0
68334982,,1057.0,563.0,1058.0,546.0
68351765,,1066.0,543.0,1058.0,546.0
68368676,,1065.0,535.0,1058.0,546.0
68382468,,,,1058.0,546.0
68384948,,1066.0,544.0,1058.0,546.0
68401680,,1066.0,542.0,1058.0,546.0
68418592,,1073.0,533.0,1058.0,546.0
68434818,,1070.0,543.0,1058.0,546.0
68451596,,1069.0,573.0,,
68468512,,1073.0,527.0,,
68470517,,,,,
68484784,,1067.0,539.0,,
68501512,,1064.0,538.0,1057.0,534.0
68518432,,1061.0,532.0,1057.0,534.0
68534654,,1059.0,537.0,1057.0,534.0
68540289,,,,1057.0,534.0
68551428,,1057.0,537.0,1057.0,534.0
68568353,,1050.0,524.0,1057.0,534.0
68584621,,1051.0,527.0,1057.0,534.0
68601343,,1048.0,554.0,,
68618269,,1043.0,563.0,1049.0,557.0
68634587,,1043.0,561.0,1049.0,557.0
68651258,,1045.0,565.0,1049.0,557.0
68668189,,1047.0,558.0,1049.0,557.0
68684456,,1048.0,561.0,1049.0,557.0
68701174,,1055.0,555.0,1049.0,557.0
68718109,,1053.0,557.0,1049.0,557.0
68734423,,1054.0,554.0,1049.0,557.0
68751091,,1051.0,544.0,1049.0,557.0
68768030,,1046.0,549.0,1049.0,557.0
68784292,,1082.0,548.0,,
68801006,,1215.0,539.0,,
68817950,,1286.0,548.0,,
68834258,,1292.0,547.0,1311.0,533.0
68850921,,1281.0,545.0,1311.0,533.0
68867870,,1276.0,547.0,1311.0,533.0
68884127,,1282.0,553.0,1311.0,533.0
68900836,,1282.0,554.0,1311.0,533.0
68917790,,1301.0,537.0,1311.0,533.0
68934093,,1304.0,537.0,1311.0,533.0
68950752,,1318.0,529.0,1311.0,533.0
68967715,,1312.0,531.0,1311.0,533.0
68978314,,,,1311.0,533.0
68983964,,1313.0,528.0,1311.0,533.0
69000669,,1319.0,524.0,1311.0,533.0
69017635,,1327.0,523.0,1311.0,533.0
69033930,,1324.0,529.0,1311.0,533.0
69040408,X:1314;Y:524; MouseEvent:WM_MOUSEWHEEL; ScrollDelta:100;,,,1311.0,533.0
69042289,,,,1311.0,533.0
69050584,,1322.0,529.0,1311.0,533.0
69067559,,1323.0,529.0,1311.0,533.0
69083800,,1324.0,528.0,1311.0,533.0
69100499,,1323.0,531.0,1311.0,533.0
69117479,,1322.0,534.0,1311.0,533.0
69119000,X:1314;Y:524; MouseEvent:WM_MOUSEWHEEL; ScrollDelta:100;,,,1311.0,533.0
69133766,,1322.0,529.0,1311.0,533.0
69150511,,1325.0,528.0,1311.0,533.0
69167399,,1323.0,525.0,1311.0,533.0
69183635,,1321.0,524.0,1311.0,533.0
69200426,,1317.0,525.0,1311.0,533.0
69217319,,1317.0,524.0,1311.0,533.0
69233601,,1315.0,531.0,1311.0,533.0
69250247,,1314.0,534.0,1311.0,533.0
69267240,,1314.0,534.0,1311.0,533.0
69283471,,1317.0,533.0,1311.0,533.0
69300259,,1317.0,535.0,1311.0,533.0
69317160,,1317.0,534.0,1311.0,533.0
69333437,,1299.0,541.0,1311.0,533.0
69350174,,1159.0,533.0,,
69367076,,1006.0,531.0,,
69383307,,929.0,541.0,,
69400090,,,,,
69417126,,,,,
69433273,,,,,
69450102,,770.0,684.0,749.0,642.0
69466921,,755.0,664.0,749.0,642.0
69483239,,759.0,676.0,749.0,642.0
69499921,,763.0,661.0,749.0,642.0
69516841,,757.0,671.0,749.0,642.0
69528349,,,,749.0,642.0
69533109,,757.0,676.0,749.0,642.0
69549837,,758.0,666.0,749.0,642.0
69552404,,,,749.0,642.0
69566757,,757.0,664.0,749.0,642.0
69583075,,755.0,667.0,749.0,642.0
69584510,,,,749.0,642.0
69599752,,753.0,671.0,749.0,642.0
69605513,X:1314;Y:524; MouseEvent:WM_MOUSEWHEEL; ScrollDelta:300;,,,749.0,642.0
69616677,,752.0,665.0,749.0,642.0
69632945,,755.0,665.0,749.0,642.0
69649667,,757.0,664.0,749.0,642.0
69666597,,758.0,662.0,749.0,642.0
69682911,,756.0,659.0,749.0,642.0
69699582,,760.0,662.0,749.0,642.0
69716518,,757.0,661.0,749.0,642.0
69732781,,757.0,661.0,749.0,642.0
69749499,,752.0,663.0,749.0,642.0
69766438,,747.0,658.0,749.0,642.0
69782747,,748.0,660.0,749.0,642.0
69799415,,752.0,662.0,749.0,642.0
69816358,,748.0,670.0,749.0,642.0
69832616,,746.0,669.0,749.0,642.0
69842490,,,,749.0,642.0
69849330,,749.0,669.0,749.0,642.0
69866278,,750.0,664.0,749.0,642.0
69882582,,749.0,661.0,749.0,642.0
69899245,,749.0,667.0,749.0,642.0
69916198,,747.0,661.0,749.0,642.0
69919107,X:1314;Y:524; MouseEvent:WM_MOUSEWHEEL; ScrollDelta:100;,,,749.0,642.0
69932548,,745.0,660.0,749.0,642.0
69949160,,744.0,654.0,749.0,642.0
69966118,,745.0,656.0,749.0,642.0
69976530,,,,749.0,642.0
69982418,,746.0,655.0,749.0,642.0
69999077,,747.0,656.0,749.0,642.0
70016039,,749.0,655.0,749.0,642.0
70032384,,750.0,655.0,749.0,642.0
70048993,,751.0,652.0,749.0,642.0
70065959,,746.0,649.0,749.0,642.0
70079442,X:1314;Y:524; MouseEvent:WM_MOUSEWHEEL; ScrollDelta:100;,,,749.0,642.0
70082254,,747.0,649.0,749.0,642.0
70098908,,748.0,650.0,749.0,642.0
70115875,,750.0,648.0,749.0,642.0
70132220,,746.0,647.0,749.0,642.0
70148355,,,,749.0,642.0
70148823,,746.0,650.0,749.0,642.0
70164288,,,,749.0,642.0
70165795,,748.0,641.0,749.0,642.0
70180371,,,,749.0,642.0
70182090,,745.0,640.0,749.0,642.0
70198738,,745.0,645.0,749.0,642.0
70204236,,,,749.0,642.0
70215711,,752.0,653.0,749.0,642.0
70220335,,,,749.0,642.0
70232057,,749.0,653.0,749.0,642.0
70234268,,,,749.0,642.0
70248655,,748.0,653.0,749.0,642.0
70265631,,749.0,655.0,749.0,642.0
70281926,,753.0,658.0,749.0,642.0
70298571,,753.0,651.0,749.0,642.0
70306255,,,,749.0,642.0
70315551,,748.0,643.0,749.0,642.0
70331795,,746.0,642.0,749.0,642.0
70348486,,742.0,644.0,749.0,642.0
70365466,,747.0,655.0,749.0,642.0
70381761,,746.0,658.0,749.0,642.0
70398498,,750.0,655.0,749.0,642.0
70415386,,751.0,649.0,749.0,642.0
70416468,,,,749.0,642.0
70431728,,750.0,649.0,749.0,642.0
70446297,,,,749.0,642.0
70448317,,747.0,647.0,749.0,642.0
70465307,,749.0,647.0,749.0,642.0
70481597,,748.0,646.0,749.0,642.0
70484786,X:1321;Y:518; MouseEvent:WM_MOUSEWHEEL; ScrollDelta:200;,,,749.0,642.0
70498329,,753.0,645.0,749.0,642.0
70515227,,752.0,649.0,749.0,642.0
70518338,,,,749.0,642.0
70531563,,750.0,647.0,749.0,642.0
70548245,,751.0,647.0,749.0,642.0
70560009,X:1321;Y:518; MouseEvent:WM_MOUSEWHEEL; ScrollDelta:100;,,,749.0,642.0
70565147,,751.0,646.0,749.0,642.0
70581433,,751.0,641.0,749.0,642.0
70598161,,757.0,646.0,749.0,642.0
70604289,,,,749.0,642.0
70615067,,751.0,643.0,749.0,642.0
70631400,,750.0,641.0,749.0,642.0
70644650,X:1321;Y:518; MouseEvent:WM_MOUSEWHEEL; ScrollDelta:100;,,,749.0,642.0
70648077,,750.0,642.0,749.0,642.0
70664988,,748.0,637.0,749.0,642.0
70681270,,749.0,638.0,749.0,642.0
70697992,,747.0,636.0,749.0,642.0
70714908,,747.0,631.0,749.0,642.0
70731236,,747.0,628.0,749.0,642.0
70747907,,748.0,627.0,749.0,642.0
70764828,,745.0,627.0,749.0,642.0
70781105,,745.0,628.0,749.0,642.0
70797823,,745.0,625.0,749.0,642.0
70814749,,744.0,623.0,749.0,642.0
70831072,,744.0,624.0,749.0,642.0
70847740,,744.0,620.0,749.0,642.0
70864669,,745.0,619.0,749.0,642.0
70880941,,741.0,621.0,749.0,642.0
70897655,,741.0,624.0,749.0,642.0
70914589,,744.0,624.0,749.0,642.0
70930907,,745.0,622.0,749.0,642.0
70947570,,745.0,618.0,749.0,642.0
70964509,,747.0,621.0,749.0,642.0
70980776,,743.0,623.0,749.0,642.0
70988296,,,,749.0,642.0
70997485,,743.0,620.0,749.0,642.0
71014429,,744.0,617.0,749.0,642.0
71030742,,745.0,619.0,749.0,642.0
71039744,X:1321;Y:518; MouseEvent:WM_MOUSEWHEEL; ScrollDelta:100;,,,749.0,642.0
71047401,,747.0,617.0,749.0,642.0
71064349,,748.0,616.0,749.0,642.0
71080612,,747.0,616.0,749.0,642.0
71082295,,,,749.0,642.0
71097317,,748.0,613.0,749.0,642.0
71114269,,748.0,613.0,749.0,642.0
71130578,,748.0,606.0,749.0,642.0
71134710,X:1321;Y:518; MouseEvent:WM_MOUSEWHEEL; ScrollDelta:100;,,,749.0,642.0
71147232,,746.0,604.0,749.0,642.0
71164189,,745.0,606.0,749.0,642.0
71180448,,745.0,604.0,749.0,642.0
71197147,,741.0,604.0,749.0,642.0
71214110,,740.0,609.0,749.0,642.0
71230415,,740.0,606.0,749.0,642.0
71247063,,738.0,605.0,749.0,642.0
71264030,,738.0,604.0,749.0,642.0
71280381,,737.0,604.0,749.0,642.0
71296979,,735.0,602.0,749.0,642.0
71313950,,739.0,603.0,749.0,642.0
71330250,,747.0,610.0,749.0,642.0
71346895,,745.0,623.0,749.0,642.0
71363870,,779.0,636.0,749.0,642.0
71380217,,,,,
71396908,,,,,
71413805,,,,,
71430192,,,,,
71446929,,,,,
71463725,,,,,
71480158,,,,,
71496941,,1635.0,544.0,,
71513636,,1614.0,476.0,,
71530115,,1607.0,458.0,1621.0,459.0
71546847,,1614.0,454.0,1621.0,459.0
71563804,,1619.0,453.0,1621.0,459.0
71579984,,1619.0,453.0,1621.0,459.0
71596665,,1615.0,454.0,1621.0,459.0
71613720,,1622.0,455.0,1621.0,459.0
71629854,,1626.0,452.0,1621.0,459.0
71646486,,1626.0,452.0,1621.0,459.0
71663636,,1629.0,450.0,1621.0,459.0
71679724,,1627.0,457.0,1621.0,459.0
71696401,,1623.0,458.0,1621.0,459.0
71713552,,1623.0,461.0,1621.0,459.0
71729594,,1624.0,460.0,1621.0,459.0
71746316,,1623.0,459.0,1621.0,459.0
71763467,,1619.0,459.0,1621.0,459.0
71779560,,1618.0,461.0,1621.0,459.0
71796231,,1617.0,462.0,1621.0,459.0
71813147,,1621.0,466.0,1621.0,459.0
71829429,,1622.0,467.0,1621.0,459.0
71846147,,1625.0,467.0,1621.0,459.0
71863067,,1627.0,468.0,1621.0,459.0
71879396,,1626.0,470.0,1621.0,459.0
71896064,,1614.0,453.0,1621.0,459.0
71912993,,1517.0,377.0,,
71929265,,1404.0,329.0,,
71938347,,,,,
71945979,,1174.0,257.0,,
71962918,,982.0,216.0,,
71979231,,854.0,203.0,,
71986433,,,,,
71995895,,745.0,200.0,,
72004681,X:1321;Y:518; MouseEvent:WM_MOUSEWHEEL; ScrollDelta:-200;,,,740.0,198.0
72012848,,739.0,197.0,740.0,198.0
72018318,,,,740.0,198.0
72029101,,745.0,199.0,740.0,198.0
72045810,,757.0,201.0,740.0,198.0
72062768,,750.0,197.0,740.0,198.0
72064532,,,,740.0,198.0
72079067,,747.0,198.0,740.0,198.0
72081921,X:1321;Y:518; MouseEvent:WM_MOUSEWHEEL; ScrollDelta:-100;,,,740.0,198.0
72095726,,742.0,251.0,740.0,198.0
72096316,,,,740.0,198.0
72112688,,744.0,198.0,740.0,198.0
72129033,,743.0,202.0,740.0,198.0
72145642,,741.0,200.0,740.0,198.0
72158494,,,,740.0,198.0
72161028,X:1321;Y:518; MouseEvent:WM_MOUSEWHEEL; ScrollDelta:-200;,,,740.0,198.0
72162608,,733.0,198.0,740.0,198.0
72178903,,732.0,199.0,740.0,198.0
72195654,,740.0,193.0,740.0,198.0
72212532,,734.0,196.0,740.0,198.0
72228869,,734.0,196.0,740.0,198.0
72239413,X:1321;Y:518; MouseEvent:WM_MOUSEWHEEL; ScrollDelta:-100;,,,740.0,198.0
72245472,,738.0,193.0,740.0,198.0
72262452,,730.0,194.0,740.0,198.0
72278739,,731.0,194.0,740.0,198.0
72295387,,724.0,194.0,740.0,198.0
72312372,,756.0,219.0,740.0,198.0
72328608,,851.0,199.0,,
72345399,,1067.0,173.0,,
72362292,,1301.0,155.0,,
72378574,,1478.0,133.0,,
72395220,,1664.0,144.0,,
72412209,,1725.0,188.0,,
72428444,,1740.0,194.0,,
72442287,,,,,
72445232,,1766.0,211.0,,
72458292,,,,,
72462125,,1846.0,152.0,,
72478410,,1843.0,150.0,1729.0,270.0
72480299,,,,1729.0,270.0
72487862,X:1321;Y:518; MouseEvent:WM_MOUSEWHEEL; ScrollDelta:-100;,,,1729.0,270.0
72495148,,1819.0,170.0,1729.0,270.0
72504637,,,,1729.0,270.0
72512041,,1801.0,188.0,1729.0,270.0
72528280,,1792.0,206.0,1729.0,270.0
72528310,,,,1729.0,270.0
72545063,,1785.0,222.0,1729.0,270.0
72561956,,1765.0,241.0,1729.0,270.0
72567379,X:1321;Y:518; MouseEvent:WM_MOUSEWHEEL; ScrollDelta:-400;,,,1729.0,270.0
72578246,,1757.0,248.0,1729.0,270.0
72592274,,,,1729.0,270.0
72594978,,1739.0,265.0,1729.0,270.0
72611867,,1727.0,275.0,1729.0,270.0
72628212,,1720.0,277.0,1729.0,270.0
72644894,,1714.0,283.0,1729.0,270.0
72647487,X:1321;Y:518; MouseEvent:WM_MOUSEWHEEL; ScrollDelta:-100;,,,1729.0,270.0
72661778,,1705.0,293.0,1729.0,270.0
72678082,,1704.0,297.0,1729.0,270.0
72694810,,1696.0,305.0,1729.0,270.0
72711684,,1685.0,312.0,1729.0,270.0
72728048,,1679.0,319.0,1729.0,270.0
72744725,,1670.0,326.0,1729.0,270.0
72761590,,1663.0,335.0,1729.0,270.0
72777918,,1659.0,341.0,1729.0,270.0
72794641,,1652.0,352.0,1729.0,270.0
72811502,,1528.0,389.0,,
72827885,,1389.0,398.0,,
72844556,,1180.0,370.0,,
72861408,,990.0,368.0,,
72877754,,897.0,366.0,,
72894472,,853.0,374.0,,
72911328,,844.0,350.0,833.0,310.0
72927720,,841.0,345.0,833.0,310.0
72944388,,836.0,339.0,833.0,310.0
72961243,,836.0,331.0,833.0,310.0
72977589,,837.0,328.0,833.0,310.0
72982508,,,,833.0,310.0
72994303,,838.0,324.0,833.0,310.0
72998401,,,,833.0,310.0
73011163,,832.0,319.0,833.0,310.0
73027555,,831.0,314.0,833.0,310.0
73030311,,,,833.0,310.0
73039670,X:1321;Y:518; MouseEvent:WM_MOUSEWHEEL; ScrollDelta:-100;,,,833.0,310.0
73044218,,837.0,358.0,833.0,310.0
73061088,,827.0,303.0,833.0,310.0
73077424,,827.0,301.0,833.0,310.0
73094133,,825.0,298.0,833.0,310.0
73111008,,846.0,296.0,833.0,310.0
73116281,,,,833.0,310.0
73127390,,844.0,295.0,833.0,310.0
73144145,,833.0,340.0,833.0,310.0
73160933,,834.0,299.0,833.0,310.0
73177356,,833.0,297.0,833.0,310.0
73194062,,833.0,335.0,833.0,310.0
73210859,,824.0,285.0,833.0,310.0
73227227,,824.0,284.0,833.0,310.0
73243881,,819.0,283.0,833.0,310.0
73260787,,827.0,318.0,,
73277193,,826.0,315.0,826.0,313.0
73293893,,829.0,321.0,826.0,313.0
73310712,,829.0,318.0,826.0,313.0
73327063,,831.0,320.0,826.0,313.0
73343808,,837.0,272.0,826.0,313.0
73360637,,828.0,310.0,826.0,313.0
73377029,,827.0,309.0,826.0,313.0
73393723,,826.0,274.0,826.0,313.0
73410562,,822.0,315.0,826.0,313.0
73426898,,822.0,317.0,826.0,313.0
73443639,,816.0,272.0,826.0,313.0
73460490,,823.0,319.0,826.0,313.0
73476864,,824.0,313.0,826.0,313.0
73493555,,819.0,265.0,826.0,313.0
73510415,,826.0,308.0,826.0,313.0
73524375,,,,826.0,313.0
73526733,,829.0,308.0,826.0,313.0
73540322,,,,,
73543470,,823.0,255.0,,
73556299,,,,824.0,253.0
73560340,,824.0,253.0,824.0,253.0
73572429,,,,824.0,253.0
73576700,,824.0,252.0,824.0,253.0
73593386,,823.0,253.0,824.0,253.0
73604283,,,,824.0,253.0
73607797,X:1321;Y:518; MouseEvent:WM_MOUSEWHEEL; ScrollDelta:400;,,,824.0,253.0
73610266,,825.0,252.0,824.0,253.0
73626569,,826.0,253.0,824.0,253.0
73643301,,827.0,313.0,,
73660190,,827.0,300.0,827.0,300.0
73676535,,826.0,298.0,827.0,300.0
73680088,X:1321;Y:518; MouseEvent:WM_MOUSEWHEEL; ScrollDelta:100;,,,827.0,300.0
73693217,,826.0,296.0,827.0,300.0
73710114,,828.0,303.0,827.0,300.0
73726405,,829.0,302.0,827.0,300.0
73743133,,809.0,255.0,,
73760039,,845.0,268.0,818.0,248.0
73776371,,811.0,249.0,818.0,248.0
73793048,,821.0,238.0,818.0,248.0
73809964,,823.0,243.0,818.0,248.0
73826337,,814.0,285.0,,
73842963,,754.0,445.0,,
73859889,,693.0,615.0,,
73876207,,686.0,704.0,,
73892878,,667.0,775.0,,
73909809,,676.0,818.0,,
73926173,,676.0,822.0,675.0,818.0
73932305,,,,675.0,818.0
73942794,,680.0,822.0,675.0,818.0
73948441,,,,675.0,818.0
73959729,,681.0,827.0,675.0,818.0
73972310,,,,675.0,818.0
73976043,,679.0,826.0,675.0,818.0
73992711,,674.0,827.0,675.0,818.0
73996331,,,,675.0,818.0
74002617,X:1321;Y:518; MouseEvent:WM_MOUSEWHEEL; ScrollDelta:300;,,,675.0,818.0
74009650,,679.0,829.0,675.0,818.0
74026009,,678.0,830.0,675.0,818.0
74042626,,672.0,828.0,675.0,818.0
74059574,,676.0,827.0,675.0,818.0
74075975,,674.0,828.0,675.0,818.0
74081831,X:1321;Y:518; MouseEvent:WM_MOUSEWHEEL; ScrollDelta:100;,,,675.0,818.0
74092541,,669.0,822.0,675.0,818.0
74109498,,677.0,822.0,675.0,818.0
74125844,,680.0,821.0,675.0,818.0
74142456,,674.0,818.0,675.0,818.0
74159418,,673.0,816.0,675.0,818.0
74175810,,672.0,815.0,675.0,818.0
74192372,,674.0,815.0,675.0,818.0
74209338,,676.0,818.0,675.0,818.0
74225679,,679.0,817.0,675.0,818.0
74242288,,675.0,816.0,675.0,818.0
74259258,,673.0,819.0,675.0,818.0
74275549,,677.0,821.0,675.0,818.0
74292203,,676.0,821.0,675.0,818.0
74309178,,673.0,818.0,675.0,818.0
74318289,,,,675.0,818.0
74325515,,673.0,820.0,675.0,818.0
74342118,,671.0,817.0,675.0,818.0
74342460,,,,675.0,818.0
74358271,,,,675.0,818.0
74359098,,673.0,813.0,675.0,818.0
74372294,,,,675.0,818.0
74375482,,673.0,814.0,675.0,818.0
74392131,,674.0,816.0,675.0,818.0
74404375,,,,675.0,818.0
74409019,,675.0,815.0,675.0,818.0
74413289,X:1321;Y:518; MouseEvent:WM_MOUSEWHEEL; ScrollDelta:400;,,,675.0,818.0
74425352,,671.0,814.0,675.0,818.0
74442046,,674.0,815.0,675.0,818.0
74458939,,673.0,808.0,675.0,818.0
74475318,,673.0,808.0,675.0,818.0
74479940,X:1321;Y:518; MouseEvent:WM_MOUSEWHEEL; ScrollDelta:100;,,,675.0,818.0
74491866,,671.0,807.0,675.0,818.0
74508859,,674.0,811.0,675.0,818.0
74525187,,675.0,812.0,675.0,818.0
74541781,,672.0,809.0,675.0,818.0
74558779,,670.0,806.0,675.0,818.0
74575153,,673.0,804.0,675.0,818.0
74591793,,676.0,811.0,675.0,818.0
74608695,,668.0,813.0,675.0,818.0
74625022,,674.0,813.0,675.0,818.0
74641611,,700.0,847.0,,
74658615,,,,,
74674988,,,,,
74691623,,,,,
74698339,,,,,
74708535,,,,,
74710320,,,,,
74724954,,,,,
74726279,,,,,
74741635,,,,,
74750280,,,,,
74758447,,,,,
74774921,,1590.0,682.0,,
74791648,,1772.0,696.0,,
74807539,X:1321;Y:518; MouseEvent:WM_MOUSEWHEEL; ScrollDelta:400;,,,1742.0,684.0
74808491,,1777.0,657.0,1742.0,684.0
74824790,,1755.0,677.0,1742.0,684.0
74841564,,1753.0,673.0,1742.0,684.0
74858287,,1747.0,674.0,1742.0,684.0
74874660,,1740.0,676.0,1742.0,684.0
74891383,,1745.0,679.0,1742.0,684.0
74908202,,1745.0,686.0,1742.0,684.0
74924530,,1742.0,688.0,1742.0,684.0
74941201,,1744.0,692.0,1742.0,684.0
74958122,,1742.0,700.0,1742.0,684.0
74974399,,1674.0,704.0,1742.0,684.0
74991213,,,,,
75008037,,,,,
75024365,,,,,
75041226,,,,,
75048290,,,,,
75057957,,,,,
75064497,,,,,
75074331,,1667.0,863.0,,
75080317,,,,,
75091237,,1679.0,624.0,,
75096282,,,,,
75107877,,1673.0,611.0,,
75110313,,,,,
75118579,X:1321;Y:518; MouseEvent:WM_MOUSEWHEEL; ScrollDelta:300;,,,,
75124297,,1644.0,648.0,,
75141057,,1645.0,648.0,1658.0,641.0
75150402,,,,1658.0,641.0
75157798,,1648.0,647.0,1658.0,641.0
75174167,,1651.0,644.0,1658.0,641.0
75190876,,1656.0,641.0,1658.0,641.0
75204029,X:1321;Y:518; MouseEvent:WM_MOUSEWHEEL; ScrollDelta:300;,,,1658.0,641.0
75207714,,1658.0,640.0,1658.0,641.0
75224036,,1661.0,638.0,1658.0,641.0
75240791,,1661.0,636.0,1658.0,641.0
75257638,,1661.0,636.0,1658.0,641.0
75273906,,1663.0,636.0,1658.0,641.0
75290707,,1662.0,641.0,1658.0,641.0
75307558,,1662.0,640.0,1658.0,641.0
75323872,,1662.0,640.0,1658.0,641.0
75340623,,1660.0,642.0,1658.0,641.0
75357483,,1662.0,641.0,1658.0,641.0
75373742,,1656.0,642.0,1658.0,641.0
75390538,,1536.0,662.0,,
75407403,,1274.0,636.0,,
75423708,,1107.0,638.0,,
75440453,,884.0,674.0,,
75450312,,,,,
75457328,,726.0,698.0,,
75464320,,,,,
75473674,,667.0,710.0,,
75488336,,,,639.0,711.0
75490368,,656.0,723.0,639.0,711.0
75507257,,654.0,722.0,639.0,711.0
75510399,,,,639.0,711.0
75520007,X:1321;Y:518; MouseEvent:WM_MOUSEWHEEL; ScrollDelta:200;,,,639.0,711.0
75523543,,656.0,721.0,639.0,711.0
75540284,,658.0,721.0,639.0,711.0
75557178,,655.0,718.0,639.0,711.0
75573510,,652.0,717.0,639.0,711.0
75590201,,652.0,717.0,639.0,711.0
75607098,,646.0,713.0,639.0,711.0
75613857,X:1321;Y:518; MouseEvent:WM_MOUSEWHEEL; ScrollDelta:200;,,,639.0,711.0
75623476,,645.0,711.0,639.0,711.0
75640116,,643.0,709.0,639.0,711.0
75657022,,646.0,711.0,639.0,711.0
75673345,,645.0,712.0,639.0,711.0
75690031,,647.0,711.0,639.0,711.0
75706942,,648.0,712.0,639.0,711.0
75723311,,647.0,710.0,639.0,711.0
75739946,,644.0,708.0,639.0,711.0
75756867,,643.0,707.0,639.0,711.0
75773180,,640.0,707.0,639.0,711.0
75789862,,643.0,709.0,639.0,711.0
75806787,,641.0,712.0,639.0,711.0
75823146,,641.0,712.0,639.0,711.0
75839778,,640.0,710.0,639.0,711.0
75856712,,642.0,710.0,639.0,711.0
75872451,,,,639.0,711.0
75873112,,640.0,715.0,639.0,711.0
75880317,,,,639.0,711.0
75889693,,639.0,715.0,639.0,711.0
75896464,,,,639.0,711.0
75906632,,638.0,716.0,639.0,711.0
75912352,,,,639.0,711.0
75918455,X:1321;Y:518; MouseEvent:WM_MOUSEWHEEL; ScrollDelta:200;,,,639.0,711.0
75922982,,639.0,711.0,639.0,711.0
75934274,,,,639.0,711.0
75939609,,639.0,707.0,639.0,711.0
75956558,,644.0,718.0,639.0,711.0
75972853,,642.0,720.0,639.0,711.0
75989524,,640.0,719.0,639.0,711.0
76006478,,635.0,716.0,639.0,711.0
76009761,X:1321;Y:518; MouseEvent:WM_MOUSEWHEEL; ScrollDelta:300;,,,639.0,711.0
76022819,,637.0,716.0,639.0,711.0
76039440,,637.0,715.0,639.0,711.0
76056402,,637.0,708.0,639.0,711.0
76072688,,635.0,709.0,639.0,711.0
76089356,,632.0,710.0,639.0,711.0
76106322,,634.0,715.0,639.0,711.0
76122654,,634.0,719.0,639.0,711.0
76139271,,635.0,718.0,639.0,711.0
76156242,,638.0,718.0,639.0,711.0
76172523,,638.0,716.0,639.0,711.0
76189186,,633.0,711.0,639.0,711.0
76206166,,633.0,716.0,639.0,711.0
76218504,,,,639.0,711.0
76222489,,633.0,718.0,639.0,711.0
76234307,,,,639.0,711.0
76239101,,633.0,714.0,639.0,711.0
76242266,,,,639.0,711.0
76256086,,635.0,709.0,639.0,711.0
76264411,,,,639.0,711.0
76272455,,633.0,708.0,639.0,711.0
76280306,,,,639.0,711.0
76289017,,633.0,707.0,639.0,711.0
76306006,,634.0,709.0,639.0,711.0
76322324,,634.0,706.0,639.0,711.0
76322641,X:1321;Y:518; MouseEvent:WM_MOUSEWHEEL; ScrollDelta:500;,,,639.0,711.0
76338934,,631.0,706.0,639.0,711.0
76355927,,630.0,702.0,639.0,711.0
76372195,,632.0,702.0,639.0,711.0
76388849,,630.0,700.0,639.0,711.0
76405847,,628.0,701.0,639.0,711.0
76422161,,630.0,701.0,639.0,711.0
76438861,,634.0,699.0,639.0,711.0
76455767,,634.0,701.0,639.0,711.0
76472031,,632.0,705.0,639.0,711.0
76488679,,633.0,707.0,639.0,711.0
76505687,,630.0,700.0,639.0,711.0
76521997,,628.0,697.0,639.0,711.0
76538595,,629.0,700.0,639.0,711.0
76555607,,633.0,697.0,639.0,711.0
76571963,,650.0,695.0,639.0,711.0
76586498,,,,,
76588511,,786.0,681.0,,
76602364,,,,,
76605527,,1007.0,655.0,,
76610308,,,,,
76621832,,1138.0,642.0,,
76626270,,,,,
76638523,,1252.0,645.0,,
76653067,X:1321;Y:518; MouseEvent:WM_MOUSEWHEEL; ScrollDelta:10;,,,,
76655567,,1276.0,645.0,,
76658343,,,,,
76671701,,1274.0,644.0,1275.0,648.0
76688438,,1273.0,644.0,1275.0,648.0
76705354,,1272.0,650.0,1275.0,648.0
76721667,,1275.0,650.0,1275.0,648.0
76738354,,1277.0,650.0,1275.0,648.0
76755280,,1275.0,650.0,1275.0,648.0
76771537,,1276.0,647.0,1275.0,648.0
76788269,,1275.0,649.0,1275.0,648.0
76805195,,1276.0,646.0,1275.0,648.0
76821503,,1277.0,646.0,1275.0,648.0
76838185,,1275.0,645.0,1275.0,648.0
76855115,,1273.0,648.0,1275.0,648.0
76871373,,1273.0,653.0,1275.0,648.0
76888101,,1276.0,647.0,1275.0,648.0
76905035,,1259.0,684.0,,
76921339,,1265.0,749.0,,
76938016,,,,,
76954960,,,,,
76971305,,,,,
76972484,,,,,
76988028,,,,,
76994384,,,,,
77002309,,,,,
77004875,,1104.0,597.0,,
77021271,,1095.0,480.0,,
77026475,,,,,
77037943,,1095.0,478.0,1092.0,493.0
77054790,,1088.0,497.0,1092.0,493.0
77066420,,,,1092.0,493.0
77071141,,1092.0,491.0,1092.0,493.0
77087858,,1093.0,497.0,1092.0,493.0
77104728,,1092.0,499.0,1092.0,493.0
77121010,,1095.0,497.0,1092.0,493.0
77137679,,1089.0,494.0,1092.0,493.0
77154649,,1093.0,494.0,1092.0,493.0
77170880,,1091.0,492.0,1092.0,493.0
77187594,,1095.0,486.0,1092.0,493.0
77204569,,1086.0,495.0,1092.0,493.0
77220846,,1046.0,533.0,,
77237509,,922.0,638.0,,
77254489,,779.0,730.0,,
77270812,,704.0,789.0,,
77287424,,633.0,839.0,,
77304409,,629.0,847.0,626.0,853.0
77320778,,628.0,851.0,626.0,853.0
77337340,,628.0,850.0,626.0,853.0
77354329,,629.0,852.0,626.0,853.0
77370744,,627.0,850.0,626.0,853.0
77387256,,623.0,851.0,626.0,853.0
77404249,,621.0,850.0,626.0,853.0
77420613,,627.0,851.0,626.0,853.0
77437171,,623.0,852.0,626.0,853.0
77454169,,621.0,853.0,626.0,853.0
77470579,,624.0,853.0,626.0,853.0
77487086,,623.0,854.0,626.0,853.0
77504089,,627.0,861.0,626.0,853.0
77520449,,629.0,864.0,626.0,853.0
77537001,,633.0,860.0,626.0,853.0
77554005,,623.0,848.0,626.0,853.0
77570415,,584.0,824.0,,
77586917,,527.0,798.0,,
77603925,,518.0,786.0,519.0,788.0
77620285,,516.0,784.0,519.0,788.0
77636833,,515.0,784.0,519.0,788.0
77653849,,517.0,785.0,519.0,788.0
77670154,,518.0,785.0,519.0,788.0
77686748,,519.0,787.0,519.0,788.0
77703769,,517.0,789.0,519.0,788.0
77720120,,517.0,788.0,519.0,788.0
77736760,,519.0,792.0,519.0,788.0
77753689,,522.0,793.0,519.0,788.0
77769989,,520.0,790.0,519.0,788.0
77786579,,522.0,789.0,519.0,788.0
77803610,,522.0,792.0,519.0,788.0
77819956,,522.0,792.0,519.0,788.0
77836495,,522.0,791.0,519.0,788.0
77853530,,584.0,770.0,,
77869825,,690.0,754.0,,
77886507,,860.0,739.0,,
77903450,,1002.0,755.0,,
77919791,,1062.0,752.0,,
77936519,,1069.0,766.0,1075.0,779.0
77953362,,1068.0,772.0,1075.0,779.0
77969661,,1071.0,773.0,1075.0,779.0
77986338,,1069.0,775.0,1075.0,779.0
78003282,,1071.0,776.0,1075.0,779.0
78019531,,1072.0,777.0,1075.0,779.0
78036253,,1074.0,778.0,1075.0,779.0
78053202,,1070.0,780.0,1075.0,779.0
78069497,,1070.0,774.0,1075.0,779.0
78086168,,1070.0,771.0,1075.0,779.0
78103122,,1068.0,776.0,1075.0,779.0
78119366,,1073.0,773.0,1075.0,779.0
78136180,,1068.0,779.0,1075.0,779.0
78153042,,1079.0,789.0,1075.0,779.0
78169332,,1059.0,787.0,1075.0,779.0
78186001,,1083.0,784.0,1075.0,779.0
78202963,,1082.0,786.0,1075.0,779.0
78219202,,1064.0,788.0,1075.0,779.0
78235916,,1082.0,785.0,1075.0,779.0
78252878,,1084.0,785.0,1075.0,779.0
78269168,,1064.0,786.0,1075.0,779.0
78285831,,1078.0,786.0,1075.0,779.0
78302798,,1092.0,782.0,1075.0,779.0
78319134,,1137.0,745.0,,
78335746,,1232.0,690.0,,
78352713,,1279.0,624.0,,
78369003,,1284.0,610.0,1290.0,603.0
78385662,,1283.0,614.0,1290.0,603.0
78402633,,1290.0,604.0,1290.0,603.0
78418873,,1291.0,605.0,1290.0,603.0
78435578,,1290.0,605.0,1290.0,603.0
78452553,,1291.0,599.0,1290.0,603.0
78468839,,1293.0,596.0,1290.0,603.0
78485493,,1294.0,598.0,1290.0,603.0
78502473,,1291.0,597.0,1290.0,603.0
78518709,,1296.0,598.0,1290.0,603.0
78535505,,1257.0,543.0,,
78552393,,1157.0,407.0,,
78568675,,1064.0,331.0,,
78585324,,952.0,255.0,,
78602324,,941.0,238.0,937.0,262.0
78618545,,941.0,242.0,937.0,262.0
78635240,,948.0,246.0,937.0,262.0
78652248,,950.0,243.0,937.0,262.0
78668511,,950.0,244.0,937.0,262.0
78685156,,945.0,247.0,937.0,262.0
78702164,,949.0,252.0,937.0,262.0
78706327,,,,937.0,262.0
78714308,,,,937.0,262.0
78718380,,951.0,254.0,937.0,262.0
78730298,,,,937.0,262.0
78732673,X:1321;Y:518; MouseEvent:WM_MOUSEWHEEL; ScrollDelta:-200;,,,937.0,262.0
78735168,,952.0,256.0,937.0,262.0
78752084,,951.0,255.0,937.0,262.0
78754312,,,,937.0,262.0
78768346,,951.0,255.0,937.0,262.0
78778304,,,,937.0,262.0
78785083,,946.0,260.0,937.0,262.0
78802004,,921.0,239.0,937.0,262.0
78811798,X:1321;Y:518; MouseEvent:WM_MOUSEWHEEL; ScrollDelta:-300;,,,937.0,262.0
78818312,,932.0,263.0,937.0,262.0
78826300,,,,937.0,262.0
78834998,,938.0,267.0,937.0,262.0
78851924,,916.0,238.0,937.0,262.0
78868181,,933.0,274.0,937.0,262.0
78879178,X:1321;Y:518; MouseEvent:WM_MOUSEWHEEL; ScrollDelta:-100;,,,937.0,262.0
78884913,,931.0,272.0,937.0,262.0
78901844,,932.0,250.0,937.0,262.0
78918147,,937.0,278.0,937.0,262.0
78934829,,931.0,278.0,937.0,262.0
78951764,,910.0,248.0,937.0,262.0
78968017,,925.0,273.0,937.0,262.0
78984746,,933.0,274.0,937.0,262.0
79001685,,918.0,246.0,937.0,262.0
79017888,,926.0,266.0,937.0,262.0
79034661,,932.0,270.0,937.0,262.0
79051605,,927.0,251.0,937.0,262.0
79067854,,932.0,272.0,937.0,262.0
79084576,,930.0,275.0,937.0,262.0
79101525,,894.0,286.0,,
79117820,,855.0,299.0,,
79134491,,843.0,304.0,834.0,301.0
79151445,,834.0,297.0,834.0,301.0
79167689,,834.0,295.0,834.0,301.0
79184407,,839.0,294.0,834.0,301.0
79201365,,839.0,294.0,834.0,301.0
79217655,,838.0,295.0,834.0,301.0
79226561,,,,834.0,301.0
79234323,,837.0,295.0,834.0,301.0
79248310,,,,834.0,301.0
79251285,,837.0,293.0,834.0,301.0
79267524,,836.0,291.0,834.0,301.0
79283664,X:1321;Y:518; MouseEvent:WM_MOUSEWHEEL; ScrollDelta:-200;,,,834.0,301.0
79284238,,840.0,289.0,834.0,301.0
79301205,,848.0,296.0,834.0,301.0
79317490,,847.0,296.0,834.0,301.0
79334153,,847.0,297.0,834.0,301.0
79351125,,837.0,293.0,834.0,301.0
79367360,,838.0,291.0,834.0,301.0
79384069,,845.0,294.0,834.0,301.0
79401046,,833.0,299.0,834.0,301.0
79417326,,832.0,298.0,834.0,301.0
79433985,,837.0,297.0,834.0,301.0
79450966,,834.0,299.0,834.0,301.0
79467292,,835.0,301.0,834.0,301.0
79483901,,834.0,302.0,834.0,301.0
79500886,,828.0,304.0,834.0,301.0
79517162,,829.0,305.0,834.0,301.0
79533913,,831.0,307.0,834.0,301.0
79550806,,826.0,308.0,834.0,301.0
79567128,,826.0,306.0,834.0,301.0
79583731,,830.0,309.0,834.0,301.0
79600726,,826.0,308.0,834.0,301.0
79616998,,828.0,306.0,834.0,301.0
79633743,,831.0,309.0,834.0,301.0
79650646,,829.0,310.0,834.0,301.0
79666964,,827.0,311.0,834.0,301.0
79683658,,829.0,312.0,834.0,301.0
79700566,,826.0,313.0,834.0,301.0
79716833,,826.0,314.0,834.0,301.0
79733574,,832.0,310.0,834.0,301.0
79750486,,871.0,288.0,,
79766800,,944.0,259.0,,
79783491,,1102.0,211.0,,
79800407,,1280.0,174.0,,
79816669,,1358.0,159.0,,
79833406,,1399.0,150.0,,
79850322,,1392.0,144.0,1388.0,142.0
79866635,,1387.0,149.0,1388.0,142.0
79883321,,1387.0,135.0,1388.0,142.0
79900242,,1383.0,130.0,1388.0,142.0
79916504,,1382.0,132.0,1388.0,142.0
79933236,,1393.0,138.0,1388.0,142.0
79950157,,1392.0,137.0,1388.0,142.0
79966470,,1392.0,137.0,1388.0,142.0
79983152,,1389.0,141.0,1388.0,142.0
80000077,,1386.0,143.0,1388.0,142.0
80016340,,1388.0,145.0,1388.0,142.0
80033068,,1390.0,146.0,1388.0,142.0
80049997,,1380.0,167.0,1388.0,142.0
80066306,,1322.0,211.0,,
80082983,,1161.0,305.0,,
80099917,,983.0,365.0,,
80116176,,872.0,391.0,,
80132898,,754.0,422.0,,
80149837,,729.0,435.0,,
80166143,,729.0,433.0,730.0,432.0
80182814,,725.0,424.0,730.0,432.0
80199758,,726.0,428.0,730.0,432.0
80216109,,726.0,429.0,730.0,432.0
80232730,,721.0,427.0,730.0,432.0
80249678,,727.0,438.0,730.0,432.0
80265978,,731.0,440.0,730.0,432.0
80282646,,717.0,434.0,730.0,432.0
80299598,,742.0,460.0,730.0,432.0
80315944,,719.0,435.0,730.0,432.0
80332561,,724.0,444.0,730.0,432.0
80349518,,743.0,452.0,730.0,432.0
80365813,,745.0,453.0,730.0,432.0
80382476,,740.0,442.0,730.0,432.0
80399438,,742.0,437.0,730.0,432.0
80415779,,740.0,434.0,730.0,432.0
80432391,,733.0,432.0,730.0,432.0
80449358,,736.0,430.0,730.0,432.0
80465648,,734.0,430.0,730.0,432.0
80482307,,732.0,432.0,730.0,432.0
80499278,,741.0,438.0,730.0,432.0
80515614,,736.0,437.0,730.0,432.0
80532223,,726.0,431.0,730.0,432.0
80549199,,733.0,430.0,730.0,432.0
80565485,,731.0,430.0,730.0,432.0
80582139,,728.0,432.0,730.0,432.0
80599124,,725.0,431.0,730.0,432.0
80615451,,722.0,432.0,730.0,432.0
80632054,,728.0,429.0,730.0,432.0
80649044,,723.0,422.0,730.0,432.0
80665321,,726.0,424.0,730.0,432.0
80682066,,729.0,425.0,730.0,432.0
80698964,,727.0,425.0,730.0,432.0
80715287,,725.0,428.0,730.0,432.0
80731981,,724.0,426.0,730.0,432.0
80748884,,724.0,425.0,730.0,432.0
80765156,,726.0,426.0,730.0,432.0
80781897,,725.0,427.0,730.0,432.0
80798804,,727.0,431.0,730.0,432.0
80815122,,727.0,430.0,730.0,432.0
80831813,,737.0,425.0,730.0,432.0
80848724,,850.0,401.0,,
80865088,,996.0,381.0,,
80881728,,1176.0,367.0,,
80898644,,1253.0,369.0,,
80914957,,1260.0,368.0,1255.0,367.0
80931643,,1262.0,368.0,1255.0,367.0
80948560,,1261.0,367.0,1255.0,367.0
80964827,,1261.0,367.0,1255.0,367.0
80976543,,,,1255.0,367.0
80981559,,1262.0,369.0,1255.0,367.0
80998480,,1257.0,365.0,1255.0,367.0
81014793,,1255.0,367.0,1255.0,367.0
81016284,,,,1255.0,367.0
81030416,,,,1255.0,367.0
81031475,,1253.0,367.0,1255.0,367.0
81046333,,,,1255.0,367.0
81048400,,1252.0,368.0,1255.0,367.0
81048715,X:1321;Y:518; MouseEvent:WM_MOUSEWHEEL; ScrollDelta:-200;,,,1255.0,367.0
81062359,,,,1255.0,367.0
81064663,,1254.0,366.0,1255.0,367.0
81078304,,,,1255.0,367.0
81081391,,1234.0,362.0,1255.0,367.0
81098320,,1079.0,337.0,,
81102489,,,,,
81114629,,969.0,316.0,,
81128519,X:1321;Y:518; MouseEvent:WM_MOUSEWHEEL; ScrollDelta:-400;,,,,
81131306,,869.0,309.0,,
81148240,,862.0,309.0,852.0,305.0
81164499,,863.0,308.0,852.0,305.0
81181221,,859.0,308.0,852.0,305.0
81198165,,856.0,311.0,852.0,305.0
81205611,X:1321;Y:518; MouseEvent:WM_MOUSEWHEEL; ScrollDelta:-100;,,,852.0,305.0
81214465,,855.0,309.0,852.0,305.0
81231136,,848.0,304.0,852.0,305.0
81248085,,849.0,302.0,852.0,305.0
81264431,,849.0,303.0,852.0,305.0
81281052,,850.0,302.0,852.0,305.0
81298005,,856.0,300.0,852.0,305.0
81314300,,859.0,300.0,852.0,305.0
81330968,,861.0,300.0,852.0,305.0
81347926,,852.0,302.0,852.0,305.0
81364267,,850.0,305.0,852.0,305.0
81380884,,856.0,303.0,852.0,305.0
81392277,,,,852.0,305.0
81397846,,862.0,302.0,852.0,305.0
81408291,,,,852.0,305.0
81414136,,866.0,303.0,852.0,305.0
81424500,,,,852.0,305.0
81430799,,861.0,306.0,852.0,305.0
81432424,,,,852.0,305.0
81447766,,863.0,304.0,852.0,305.0
81450298,,,,852.0,305.0
81451229,X:1321;Y:518; MouseEvent:WM_MOUSEWHEEL; ScrollDelta:-200;,,,852.0,305.0
81464102,,860.0,304.0,852.0,305.0
81480714,,849.0,300.0,852.0,305.0
81494291,,,,852.0,305.0
81497686,,858.0,311.0,852.0,305.0
81513971,,860.0,314.0,852.0,305.0
81528894,X:1321;Y:518; MouseEvent:WM_MOUSEWHEEL; ScrollDelta:-400;,,,852.0,305.0
81530630,,852.0,301.0,852.0,305.0
81547611,,833.0,275.0,852.0,305.0
81563937,,844.0,304.0,852.0,305.0
81580642,,846.0,305.0,852.0,305.0
81597531,,854.0,311.0,852.0,305.0
81613807,,853.0,311.0,852.0,305.0
81630558,,850.0,314.0,852.0,305.0
81647451,,853.0,310.0,852.0,305.0
81663773,,851.0,310.0,852.0,305.0
81680473,,850.0,309.0,852.0,305.0
81697371,,852.0,308.0,852.0,305.0
81713643,,853.0,308.0,852.0,305.0
81730389,,851.0,306.0,852.0,305.0
81746497,,,,852.0,305.0
81747292,,853.0,305.0,852.0,305.0
81762411,,,,852.0,305.0
81763610,,851.0,303.0,852.0,305.0
81764845,X:1321;Y:518; MouseEvent:WM_MOUSEWHEEL; ScrollDelta:-100;,,,852.0,305.0
81768340,,,,852.0,305.0
81780304,,846.0,303.0,852.0,305.0
81784303,,,,852.0,305.0
81796305,,,,852.0,305.0
81797212,,852.0,305.0,852.0,305.0
81813479,,852.0,301.0,852.0,305.0
81816319,,,,852.0,305.0
81830220,,855.0,299.0,852.0,305.0
81842652,X:1321;Y:518; MouseEvent:WM_MOUSEWHEEL; ScrollDelta:-500;,,,852.0,305.0
81847136,,826.0,272.0,852.0,305.0
81863445,,843.0,295.0,852.0,305.0
81880136,,855.0,299.0,852.0,305.0
81897056,,833.0,275.0,852.0,305.0
81913314,,844.0,302.0,852.0,305.0
81930051,,844.0,304.0,852.0,305.0
81946976,,852.0,303.0,852.0,305.0
81963280,,852.0,306.0,852.0,305.0
81979966,,841.0,308.0,852.0,305.0
81996896,,857.0,311.0,852.0,305.0
82013149,,859.0,311.0,852.0,305.0
82029881,,857.0,307.0,852.0,305.0
82046820,,831.0,287.0,852.0,305.0
82063115,,837.0,302.0,852.0,305.0
82079797,,840.0,301.0,852.0,305.0
82096740,,850.0,310.0,852.0,305.0
82112985,,850.0,311.0,852.0,305.0
82114281,,,,852.0,305.0
82129714,,850.0,307.0,852.0,305.0
82138511,,,,852.0,305.0
82146661,,826.0,273.0,852.0,305.0
82148285,,,,852.0,305.0
82162952,,793.0,301.0,,
82164295,,,,,
82170223,X:1321;Y:518; MouseEvent:WM_MOUSEWHEEL; ScrollDelta:-300;,,,,
82178339,,,,779.0,295.0
82179629,,786.0,294.0,779.0,295.0
82196581,,785.0,307.0,779.0,295.0
82212822,,786.0,304.0,779.0,295.0
82229544,,778.0,295.0,779.0,295.0
82234389,,,,779.0,295.0
82239283,X:1321;Y:518; MouseEvent:WM_MOUSEWHEEL; ScrollDelta:-200;,,,779.0,295.0
82246501,,778.0,292.0,779.0,295.0
82262788,,774.0,291.0,779.0,295.0
82279459,,776.0,290.0,779.0,295.0
82296421,,770.0,292.0,779.0,295.0
82312657,,772.0,291.0,779.0,295.0
82319549,X:1321;Y:518; MouseEvent:WM_MOUSEWHEEL; ScrollDelta:-100;,,,779.0,295.0
82329375,,773.0,296.0,779.0,295.0
82346341,,775.0,298.0,779.0,295.0
82362623,,774.0,297.0,779.0,295.0
82379291,,777.0,301.0,779.0,295.0
82396261,,779.0,302.0,779.0,295.0
82412589,,779.0,301.0,779.0,295.0
82429206,,780.0,300.0,779.0,295.0
82446181,,778.0,299.0,779.0,295.0
82462458,,780.0,299.0,779.0,295.0
82479121,,780.0,296.0,779.0,295.0
82496101,,780.0,297.0,779.0,295.0
82512424,,782.0,295.0,779.0,295.0
82529037,,782.0,295.0,779.0,295.0
82546022,,782.0,296.0,779.0,295.0
82562294,,782.0,297.0,779.0,295.0
82579049,,783.0,300.0,779.0,295.0
82595942,,783.0,299.0,779.0,295.0
82612260,,780.0,302.0,779.0,295.0
82628965,,781.0,303.0,779.0,295.0
82632469,,,,779.0,295.0
82645862,,780.0,304.0,779.0,295.0
82650327,,,,779.0,295.0
82656279,,,,779.0,295.0
82662130,,779.0,304.0,779.0,295.0
82672282,,,,779.0,295.0
82678784,,780.0,303.0,779.0,295.0
82695782,,782.0,304.0,779.0,295.0
82700477,,,,779.0,295.0
82712096,,780.0,305.0,779.0,295.0
82722478,X:1321;Y:518; MouseEvent:WM_MOUSEWHEEL; ScrollDelta:-400;,,,779.0,295.0
82728796,,782.0,306.0,779.0,295.0
82745702,,782.0,303.0,779.0,295.0
82761966,,783.0,305.0,779.0,295.0
82778711,,784.0,304.0,779.0,295.0
82795618,,783.0,303.0,779.0,295.0
82799710,X:1321;Y:518; MouseEvent:WM_MOUSEWHEEL; ScrollDelta:-100;,,,779.0,295.0
82811932,,777.0,303.0,779.0,295.0
82828626,,778.0,301.0,779.0,295.0
82845538,,779.0,295.0,779.0,295.0
82861801,,778.0,292.0,779.0,295.0
82878542,,775.0,290.0,779.0,295.0
82895458,,779.0,289.0,779.0,295.0
82911767,,776.0,286.0,779.0,295.0
82928459,,775.0,285.0,779.0,295.0
82945383,,773.0,283.0,779.0,295.0
82954276,,,,779.0,295.0
82961637,,774.0,281.0,779.0,295.0
82978374,,774.0,279.0,779.0,295.0
82978529,,,,779.0,295.0
82994391,,,,779.0,295.0
82995303,,779.0,280.0,779.0,295.0
83010303,,,,779.0,295.0
83011603,,782.0,280.0,779.0,295.0
83026480,,,,779.0,295.0
83028289,,781.0,282.0,779.0,295.0
83040331,,,,779.0,295.0
83045223,,781.0,282.0,779.0,295.0
83055530,X:1321;Y:518; MouseEvent:WM_MOUSEWHEEL; ScrollDelta:-10;,,,779.0,295.0
83061472,,778.0,284.0,779.0,295.0
83078204,,775.0,285.0,779.0,295.0
83095148,,775.0,289.0,779.0,295.0
83111438,,777.0,286.0,779.0,295.0
83128120,,782.0,288.0,779.0,295.0
83145068,,777.0,287.0,779.0,295.0
83161308,,778.0,288.0,779.0,295.0
83167924,X:1321;Y:518; MouseEvent:WM_MOUSEWHEEL; ScrollDelta:0;,,,779.0,295.0
